ID,Edad,Type,2d2j,2d2k,2e2m,2e2n,2f2o,4a5a,4b5b,4c5c,4d5d,4e5e,4f5f,4g5g,4h5h,4i5i,4j5j,4k5k,5b6b,6a7a,6b7b,7a8e,7b8d,7c8f,7d8f,7e9b,7f9c,7g9d,7h9e,8a8b,8b8c,Age,Sex,Region
0r6yo63nn26q6dzw5zk0r6yo6kuk989g,,Pac,6,6,6,6,6,4,4,4,1,2,1,2,2,3,3,4,,2,2,1,1,2,2,2,5,3,3,3,3,51,H,Cataluña
1rxo540th0x3p6enoumam1rxoa5uw4mg,,Pac,6,6,6,6,6,6,6,5,1,2,1,3,3,3,5,2,,5,5,3,2,2,1,2,6,1,2,1,6,51,H,Comunidad de Madrid
48erwgjxpmak48eius7nq7bz7w29lsi5,,Pac,1,1,3,3,3,1,1,1,1,1,1,5,5,5,5,1,6,1,1,6,2,1,6,1,1,1,1,3,4,85,H,Cataluña
xdkw2d921sw8vhwwmpxdkw2d4up6cuf7,,Pac,4,4,4,4,5,3,5,6,2,2,1,5,5,5,5,5,,3,3,4,2,3,3,3,1,6,3,4,4,49,H,Comunidad de Madrid
72c1iscssqftocl72c1fxpdbtjs126u1,,Pac,4,4,4,4,4,6,6,4,2,5,3,3,4,3,3,3,,4,4,2,3,3,2,4,2,2,2,3,4,48,H,Cataluña
llvnz9sdm2tuupbllvyzkrxxqcjgdhn6,,Pac,1,1,1,1,3,1,1,1,1,1,1,6,1,1,1,1,,1,1,1,1,1,1,1,6,1,1,2,3,60,M,Cantabria
9f515h8a1tkkvirv2mhb9f51rdm91xqo,,Pac,1,1,1,1,6,6,6,1,1,1,1,6,6,6,6,6,,6,6,1,1,1,4,1,1,1,1,4,6,52,M,Comunidad de Madrid
amuqhb0172p0wp6ee0amuqhqq5ot0532,,Pac,2,2,1,1,3,6,6,2,2,3,2,6,3,6,6,4,6,5,5,3,3,3,2,2,3,2,2,2,4,61,M,Cantabria
w6jgii3ct73ayeaw6jhalr29iu8k3x4o,,Pac,4,4,4,4,4,5,4,4,3,4,2,4,4,4,5,5,4,4,4,5,5,5,4,3,5,3,2,4,5,46,H,Cantabria
shjw4hdpusdhzyxz03fshshjw4csc8sh,,Pac,4,4,4,4,5,4,5,4,4,2,2,4,5,5,5,4,,3,3,4,5,4,2,5,5,3,3,2,5,45,H,Cataluña
pxuaz3n1mxzoyoakdpxuawnqtg25b73q,,Pac,6,6,5,5,5,5,5,5,1,5,1,6,6,6,6,6,,6,6,1,3,1,1,4,6,4,3,4,6,82,M,Cataluña
8jpxmbbo9soxjajx8jpxmpb7yeeochdp,,Pac,5,5,4,4,3,3,3,4,3,4,3,6,6,4,3,5,5,3,3,1,1,1,1,2,5,1,3,2,3,57,NS/NC,Cataluña
5ojst4t684j0ywu4mkon5ojst4vu4bvt,,Pac,6,6,6,6,6,4,4,6,1,1,4,4,4,1,1,1,,1,1,1,6,1,1,1,6,1,1,1,1,78,NS/NC,Comunidad de Madrid
2gdamae4cerky9hb3n2gdammyv8bejem,,Pac,5,5,5,5,5,5,5,5,2,5,1,1,1,2,4,3,,3,3,6,6,6,4,4,6,6,5,5,3,26,H,Cantabria
ej67jlbm7qdjzo3nogdpej67jlq3ddmw,,Pac,6,6,6,6,6,6,6,4,1,5,6,5,5,5,5,5,6,4,4,4,4,4,2,3,4,4,4,3,5,61,H,Cantabria
9d1d2wb5ofa6j1d59dkn734qojhfn5oe,,Pac,6,6,1,1,5,4,4,4,1,1,2,1,1,4,1,1,,1,1,3,4,1,1,6,6,1,1,1,3,59,H,Cantabria
b1fzgb6mo4y4jal159m64b1fzgb6moxt,,Pac,5,5,5,5,5,4,3,3,3,3,5,2,2,2,2,2,,4,3,1,1,3,2,2,2,3,3,1,1,67,H,Cataluña
0o9w0q4vz39b6sazujeu0o9w0ohksgeb,,Pac,6,6,6,6,6,6,6,6,1,1,6,6,6,6,6,6,,1,1,1,3,1,1,1,6,6,6,6,6,61,H,Cantabria
5hoizabo8lm5wifty5p05hoizaf02stj,,Pac,3,3,2,2,5,6,6,6,2,3,4,6,6,6,6,6,,2,3,1,1,6,4,6,6,6,4,6,6,42,H,Castilla-La Mancha
dyqgqx9przda00jwzqu1dyqgqx5tdah7,,Pac,4,4,4,4,4,5,5,3,3,4,5,5,6,6,6,6,6,4,4,3,4,4,3,5,5,5,4,4,4,33,H,Castilla-La Mancha
mt7b2m2nmes2qzhmq9j2mt7b202e5d0w,,Pac,5,5,6,6,5,4,3,4,4,3,2,2,3,5,4,3,,2,2,2,2,2,2,2,3,2,2,2,3,76,H,Cantabria
ez0pxmut6d8hxgck6tez0pxmn5pk3rw3,,Pac,5,5,6,6,5,4,3,4,4,3,2,2,3,5,4,3,,2,2,2,2,2,2,2,3,2,2,2,3,21,M,Cantabria
7jcc9y5dohhiu6uvl7jcc9yifczcygoh,,Pac,4,4,3,3,3,2,3,3,2,3,3,3,3,4,4,4,,2,2,3,4,2,2,2,3,2,2,2,3,47,H,Comunidad de Madrid
v2jsfv89prvz7fhbf8v2jsex09hr3awu,,Pac,6,6,6,6,5,3,3,3,1,3,3,4,1,5,3,2,6,3,3,6,5,5,3,4,5,5,4,4,5,61,H,Cataluña
bg0jlnbxjp2jqe3bg0jutsawzotx9uoc,,Pac,3,3,6,6,3,5,5,6,1,3,1,6,5,6,6,1,,1,5,1,1,1,3,1,6,1,1,1,5,57,M,Comunidad de Madrid
luukkics0k22hluuvaxhjlqedcx0jt3u,,Pac,3,3,1,1,2,6,6,6,1,4,3,5,5,6,6,3,6,6,6,1,1,1,1,5,5,1,1,3,6,60,M,Andalucía
7uibyigi1pfwbxneoq77uibdsf2nf1l4,,Pac,4,4,5,5,6,6,6,6,3,5,3,4,4,6,6,6,,6,6,6,5,6,3,6,6,4,3,5,6,58,M,Comunidad de Madrid
knmq0kksdrlbnib3knmq0x8w345vpnir,,Pac,5,5,5,5,5,4,3,3,1,2,2,2,2,2,2,2,5,3,2,2,3,3,2,3,4,4,3,2,2,75,H,Cantabria
ajxmzj1ghgv135ef6ajxmg6vyy9cy40b,,Pac,3,3,5,5,5,6,6,5,6,5,3,3,3,6,6,4,6,5,3,4,5,4,2,1,4,3,1,2,3,50,H,Castilla-La Mancha
jdnv9k0rb4l82jgx2ymwwijdnv9k0yfq,,Pac,1,1,1,1,3,4,4,3,1,5,6,5,5,5,5,4,,3,3,3,2,3,1,1,3,3,1,2,5,73,H,NS/NC
50pxwne3x75ki850pxwc4w90ffvqklou,,Pac,1,1,1,1,1,5,6,4,1,4,1,6,5,6,6,6,5,6,6,4,5,4,4,4,6,6,5,4,5,21,H,Castilla-La Mancha
24zw3870weklv5uuguku03pj24zw3870,,Pac,1,1,1,1,1,1,1,2,2,2,1,6,1,6,6,3,6,1,1,1,2,1,1,1,6,1,1,1,4,43,M,Castilla-La Mancha
e9nelwhql4d0ruue9p4lt587pojei4p1,,Pac,5,5,4,4,2,5,6,6,1,1,1,1,1,2,2,2,,1,3,3,5,5,4,3,6,6,5,3,3,60,M,Castilla-La Mancha
8qv1bt9ckj7sr5binln708qv1bt9jipg,,Pac,2,2,2,2,1,6,5,4,2,3,5,3,3,6,5,5,,5,5,5,3,2,2,5,5,2,2,1,3,34,H,Castilla-La Mancha
5vpnr97glj2ehg6zus5vpnrsal4qeem0,,Pac,1,1,1,1,6,5,6,6,1,4,6,6,6,6,6,6,,6,6,6,6,4,4,5,1,1,6,6,6,49,H,Castilla-La Mancha
f62l6j2ru0uyhazirso2f62l6j2f0igm,,Pac,2,2,5,5,3,5,4,3,1,3,1,1,1,1,5,5,,5,5,4,1,2,3,6,5,4,2,1,5,66,NS/NC,Castilla-La Mancha
6h66qbgvknr9g5fmfrk76h66q8d1ifjp,,Pac,1,1,1,1,1,3,1,1,1,1,1,6,1,1,1,1,,1,1,3,1,1,5,3,3,1,1,1,4,58,H,Castilla-La Mancha
uauy6ef9rub3yzihuauvg64gt4ds0pvg,,Pac,1,1,1,1,1,3,3,3,1,6,4,3,2,1,3,1,,1,1,1,1,1,1,1,1,3,3,1,4,30,H,Castilla-La Mancha
k5x6vgucx0rqcp5xk5x6vadfx17vevz4,,Pac,3,3,1,1,1,3,1,1,1,1,1,1,1,1,1,1,,1,1,1,1,1,1,1,1,1,1,1,1,82,H,Cataluña
qmuxznm5sqzh9yagfxilqmuxznm1meiy,,Pac,6,6,6,6,6,1,6,6,1,4,6,1,5,6,6,6,,6,6,3,6,4,6,1,6,1,1,5,6,51,M,Cataluña
pnwawyejp1uw6gncbftd5ppnwawyy1wk,,Pac,6,6,6,6,6,6,4,6,1,3,4,6,2,3,6,4,6,3,1,5,6,4,1,4,6,4,3,3,3,37,H,Cataluña
wjtwzjgfrejqd2hv225wjtwzjg6bopjh,,Pac,6,6,6,6,6,1,1,1,1,1,1,1,1,1,1,1,6,1,1,4,4,4,6,2,6,2,2,3,2,58,M,Cataluña
zpdc9n3u5mm7gmlzpdcxhvzy5ra1asht,,Pac,5,5,5,5,4,6,6,5,1,5,5,6,6,6,6,6,1,1,1,1,1,1,1,4,2,6,6,3,6,71,H,Cataluña
6vyy5feco2gm37lf6vypkvk2gzjk7reh,,Pac,5,5,3,3,5,1,5,6,1,1,1,6,6,6,3,2,,1,1,1,3,1,1,1,6,1,1,1,1,36,M,Cataluña
hxdjfi9366p6a0clkqhxdjfyfs8yj7pv,,Pac,2,2,2,2,5,3,3,4,2,6,4,4,4,5,4,3,,2,2,3,4,3,3,1,3,3,2,3,3,49,M,NS/NC
bb142bwqz6lf5iubb120z3c6rvdb9bjs,,Pac,6,6,6,6,6,6,6,6,1,6,1,4,4,4,5,5,,4,4,3,3,3,3,6,6,4,3,4,4,58,H,Cataluña
3jxsl5nowlq157t03jxsl5wgjddiuimg,,Pac,4,4,1,1,5,4,2,1,1,4,3,4,1,2,3,3,,1,1,1,3,1,1,1,3,2,1,2,3,81,H,Cataluña
onrxdz1fppit59n9tjonrxg8ohsq4sq9,,Pac,4,4,1,1,4,6,6,4,1,1,5,1,5,5,5,5,5,1,2,5,3,1,2,1,6,1,2,3,3,58,H,Cataluña
td9vamms6cdp17ro8ootd9vajydjp9uk,,Pac,4,4,4,4,5,5,5,6,1,1,4,5,4,6,6,5,,4,4,1,1,1,1,6,6,4,3,4,4,47,M,Castilla-La Mancha
eaem6kfcasyqcl7c1gln4ab3eaem6kfc,,Pac,6,6,6,6,4,4,4,6,1,1,1,6,1,4,5,5,,1,1,1,1,1,1,1,4,1,1,1,4,62,M,Castilla-La Mancha
k0ycohswp2a1tq8knk0ydz4wwq64rkqk,,Pac,5,5,3,3,6,6,6,6,6,6,6,5,6,6,6,6,6,6,6,1,6,4,3,6,6,4,4,3,4,48,M,Castilla-La Mancha
z9lp9rbzrbit364c4zkftz9lp9r04sr3,,Pac,5,5,5,5,6,5,3,5,1,2,1,5,4,6,6,6,4,6,6,5,5,4,4,6,6,4,5,5,6,65,H,Comunidad de Madrid
lbvd4byvu3xn0owuh8lbvd4tdgm8gg7z,,Pac,3,3,3,3,1,3,3,1,1,1,3,6,4,6,6,2,5,6,5,1,2,1,1,1,1,1,1,1,5,24,M,Andalucía
cigmvv9zq8nu0wocigmsu2sdkii4mrxw,,Pac,5,5,5,5,5,5,6,5,5,3,1,6,3,5,5,4,,3,3,1,5,3,3,5,5,4,3,4,4,49,M,Castilla-La Mancha
qtxhupbh7twdymkqtxh2p4kq5wenf4yg,,Pac,5,5,4,4,6,2,2,1,1,1,2,4,2,3,1,1,,1,1,1,5,2,2,1,6,1,1,2,5,49,H,Cataluña
myld151ovjmyld4grtr1il2gjyqapks4,,Pac,6,6,6,6,6,6,3,1,1,1,1,2,3,3,4,1,6,2,2,3,4,2,5,2,6,5,1,4,2,74,M,Cataluña
70syihv20drgc70syij2dylkqsnb9ynx,,Pac,1,1,3,3,1,6,6,6,6,1,6,6,6,6,6,6,,6,6,6,6,6,6,6,6,6,6,6,6,81,M,Andalucía
hlq5pluw2yiehlqbgmrb44oziqv3tue5,,Pac,4,4,6,6,6,6,5,3,4,5,3,5,1,6,6,6,6,6,6,6,6,2,1,6,6,5,4,4,6,53,M,Andalucía
3nbt7m9a7umr7ppl3nbtd0v2pod7x79c,,Pac,5,5,5,5,6,1,1,3,3,1,1,4,1,1,1,1,,1,1,3,4,1,1,1,1,1,1,1,1,50,H,Andalucía
1x1v1cfhqcjcd1u2tk11x1v10o3p2j5g,,Pac,4,4,4,4,5,1,1,3,1,1,1,4,1,1,1,1,5,3,3,2,3,1,1,5,5,1,1,1,3,57,M,Andalucía
s2jx9k4g41mxh1wvhlofhs2jx9k4ls78,,Pac,1,1,1,1,4,1,4,1,1,1,6,1,5,2,1,1,,2,1,3,5,3,1,3,1,2,1,1,5,63,M,Andalucía
boym28cvy8fd21l1titboy3tonqvkt04,,Pac,3,3,3,3,3,5,6,4,4,4,3,2,5,1,3,2,5,6,2,4,3,5,2,5,4,2,2,1,4,63,M,Andalucía
zj0opk7bpl4i5b9kjzj0opawndjsw2qy,,Pac,1,1,5,5,1,5,5,5,2,3,6,6,6,6,6,3,6,5,5,1,6,5,5,1,6,4,1,3,5,61,M,Comunitat Valenciana
k82cgxgxlykdxksyr1i5gk82cgxs8yn2,,Pac,5,5,4,4,5,4,4,2,2,3,3,3,3,3,3,3,,1,1,1,2,3,3,1,5,2,2,2,2,41,H,Cataluña
lozrv57bmqurp9co2lozrv224tud7aap,,Pac,3,3,2,2,5,4,5,5,2,2,4,5,5,5,5,5,4,4,4,2,3,2,5,5,5,4,4,2,5,64,M,Andalucía
jadg7iu3e7rzqiu1g94pbjadg7iadezk,,Pac,4,4,4,4,4,4,4,4,4,4,4,4,4,4,4,4,4,4,4,4,4,4,4,4,4,4,4,4,4,63,NS/NC,Cataluña
wguu727rjuzywvyfps46nwguu7gj8vl8,,Pac,6,6,6,6,5,6,6,3,1,6,1,1,6,1,6,6,,6,6,6,3,6,2,1,6,5,6,5,6,67,M,Cataluña
vrqncmz5a7nvzw01vrqnte8wkwp0aw45,,Pac,5,5,5,5,5,6,6,6,1,6,6,6,5,6,6,6,,5,4,3,5,6,1,5,6,4,4,6,5,60,M,Castilla-La Mancha
qfbm48epqrkqi09wqfbm48su7c3m102a,,Pac,1,1,3,3,2,6,6,5,1,5,5,1,1,6,6,6,6,5,6,6,5,6,2,3,6,6,2,5,5,50,H,Cataluña
dc5a9wqlyz32e2dvuwdchmg0s1w10dyb,,Pac,6,6,6,6,6,5,5,6,2,6,6,4,2,2,4,5,6,5,2,5,5,4,3,1,6,5,6,3,5,75,H,NS/NC
xagozp4pj61n44aj5sa1xagozzuu8sau,,Pac,2,2,1,1,5,3,3,1,2,3,2,1,1,2,3,2,,2,2,2,3,2,1,3,4,3,1,1,1,58,H,Cataluña
45rjfd7r08hbbte46tbd45rjfd7r7vh8,,Pac,4,4,4,4,5,5,5,5,5,5,5,3,3,3,5,5,5,5,5,5,5,5,3,5,5,3,3,4,3,37,M,Cataluña
9ug8elfyastcusdqwsqy9ug8e6dzkuu0,,Pac,1,1,1,1,1,3,5,1,1,3,4,2,6,4,3,3,,1,1,2,3,2,2,1,6,2,2,3,3,48,H,Cataluña
oi5lg7qjp6vzldgcc3pwlucoi5lggeyj,,Pac,6,6,4,4,6,6,6,6,2,6,4,6,4,6,6,6,,4,5,6,5,5,1,5,6,6,5,6,4,61,H,Cataluña
i3b55bza6n96igdivf4dq6opr0vfis9q,,Pac,5,5,5,5,5,2,6,2,1,3,4,6,6,6,6,5,1,4,4,1,4,1,1,2,5,2,1,3,5,50,M,NS/NC
wwp64752rk8agntw25740bbtoawwp647,,Pac,1,1,1,1,1,6,6,6,1,1,1,6,6,6,6,6,6,6,6,4,4,1,1,1,1,1,1,1,6,49,H,Andalucía
rodgu7x61p374bxmqqyfybfsrodgu7x6,,Pac,2,2,1,1,2,4,4,3,3,5,1,2,1,5,5,1,5,4,4,1,2,1,1,1,1,1,1,1,1,47,H,NS/NC
7nzxx9kxlvif87nz3ti488yyjotx5zv0,,Pac,2,2,2,2,5,1,2,2,3,3,2,1,1,3,3,2,,2,1,4,6,2,1,2,3,2,2,1,1,58,H,Cataluña
nglpkgmrugxq7mn7donglp7wgm5nxupy,,Pac,6,6,5,5,6,6,6,6,4,4,1,6,6,6,6,6,,5,5,1,1,6,1,2,4,3,4,4,5,59,H,Andalucía
v9xvaz8oxeun36btv9xvgczu8ipmvgav,,Pac,3,3,2,2,5,6,6,6,4,6,6,1,3,6,5,4,6,5,5,6,6,6,2,1,6,6,1,4,5,47,H,Andalucía
a69yor0xgnt1ygko19a69y4q9tvubx10,,Pac,3,3,6,6,6,6,6,1,1,5,1,6,2,5,5,4,,3,3,3,4,3,1,5,5,1,1,2,5,57,H,Andalucía
kci7yyycl4b1p8kcy2veyiwhhtu2dn9n,,Pac,6,6,6,6,6,6,6,6,1,2,6,1,1,1,1,3,,1,1,6,6,6,1,2,6,6,6,6,4,26,H,Andalucía
e992nja62ansx8qjaie99ihvyo0tu0zy,,Pac,1,1,2,2,5,6,3,3,3,4,2,6,2,2,3,3,6,6,3,1,1,2,1,6,4,1,2,1,3,51,M,Andalucía
w0x6o6enf1mu31viwi3hw0x6omvw4dkl,,Pac,1,1,1,1,6,4,6,1,1,1,1,1,1,6,6,6,,5,5,6,1,6,2,1,1,1,1,2,5,50,M,Andalucía
bgu0hbg4azvqgrn9mnnvvlbgu0hbgvee,,Pac,4,4,4,4,4,6,4,4,1,6,3,1,1,1,6,6,,1,1,6,1,6,6,1,6,6,6,6,6,75,H,Andalucía
wv5u60p4m4kw80ug2wv5u6ko68r1c71e,,Pac,2,2,2,2,4,3,6,4,2,5,6,2,2,5,6,6,,5,4,4,1,4,1,5,6,2,4,5,6,29,H,NS/NC
n07tk6aketvwqcpjzin071kl9das1y0h,,Pac,4,4,3,3,5,2,3,5,1,3,3,1,1,2,5,3,6,6,2,2,4,2,1,1,6,2,1,3,4,37,H,Andalucía
4xnunke77au7qngjp4xnu49ylbjasg1m,,Pac,5,5,5,5,4,5,5,1,1,4,1,1,1,4,6,5,,5,5,5,3,4,1,1,4,5,1,3,4,58,H,Andalucía
nkq5qov4fdrk4ffonkq5qe37p63qulcj,,Pac,1,1,1,1,1,6,6,1,1,1,1,1,1,6,6,6,,1,6,1,1,1,1,6,6,1,1,1,6,70,H,Andalucía
rvdu5tisx31bjxp1kqrvduuf6niegzsv,,Pac,1,1,1,1,1,5,5,1,2,2,4,5,5,5,5,5,5,5,5,5,4,3,2,2,5,5,3,3,5,59,H,Andalucía
g6sdc24q3cydzg6sm0lsgk818cy12yio,,Pac,5,5,5,5,5,6,6,6,1,5,5,5,5,6,6,6,6,5,5,1,3,3,5,1,3,3,3,3,5,54,H,Andalucía
lwgz8yzdcv3ga35j5lwgz1lx92n9pv0e,,Pac,6,6,6,6,6,6,6,6,1,6,5,1,5,5,6,6,,5,5,6,6,6,6,6,6,6,6,6,6,49,H,Andalucía
0ld06g5lyx6monb1um0ld06g5k21l5xj,,Pac,6,6,6,6,6,3,3,2,2,2,4,1,1,1,5,5,,6,6,1,1,1,1,2,1,1,1,1,6,51,H,Andalucía
bks0wks1z1s0zc56mbks00u1toriqbni,,Pac,3,3,1,1,4,6,6,4,1,5,3,6,5,4,6,4,,4,5,1,1,1,2,4,5,3,4,2,5,22,H,Andalucía
gzb7a754x7lk63yp61dhgzb7augtj1c2,,Pac,5,5,2,2,4,5,5,1,1,5,2,4,6,5,6,6,,5,5,6,2,6,5,6,6,6,5,1,5,56,M,NS/NC
tznrmt1yql3lq2xyrnfctznrmtgvxjuz,,Pro,3,3,6,6,3,6,6,2,2,2,2,6,6,4,6,6,6,6,2,4,2,1,1,1,4,1,1,1,6,32,M,Galicia
bgceq85j3hnjztbj5wbgcm9697m3pbk2,,Pro,5,5,4,3,3,1,1,1,1,1,1,6,1,5,1,5,,1,4,1,3,1,1,1,3,1,1,1,6,41,M,Comunidad de Madrid
iivmgbfjibu2692n2o6m9hiivmgbfjkm,,Pro,5,5,4,4,4,5,4,2,3,1,1,6,5,5,4,4,5,5,5,4,1,4,4,5,5,5,4,4,5,55,H,Cataluña
cgzrlogzloxi7k2hwocgzrllx3d618gx,,Pro,6,4,6,4,5,6,5,1,1,6,5,6,6,6,6,6,,6,6,4,6,5,5,1,6,6,5,3,1,36,H,Cataluña
xhzk5qxufw7dinm4z97xhzk5qqgfpi2z,,Pro,6,6,5,5,5,3,2,2,1,3,2,4,3,2,2,2,3,3,2,2,2,2,2,2,5,2,2,2,2,50,H,Cataluña
tpem3nizvazklclzbu1tpem3sr3t9r0c,,Pro,6,5,5,4,4,6,5,2,2,2,4,6,2,4,3,3,1,5,4,3,4,1,1,1,1,1,3,2,3,44,M,Cataluña
c7kcrg8dj0tyiyzulcttzyb3he05cjpz,,Pro,3,3,5,5,4,5,5,4,3,3,4,6,5,5,6,6,5,6,5,4,4,4,4,3,4,1,2,3,3,38,M,Cataluña
fvrhckgm07ku7xlewgfvrhdpktwkq5xi,,Pro,6,5,5,4,4,3,3,3,1,5,1,6,6,4,6,6,,3,1,3,3,3,3,6,6,1,1,3,1,54,M,Galicia
3qtms6t40ycoj3ax3qtvo7hhkl4ezeeq,,Pro,6,6,6,6,6,6,6,3,3,3,6,6,6,4,6,6,,6,6,4,4,5,5,3,5,4,2,3,6,39,M,Galicia
ji2ocgru7zsmum778vf7ji2oc58tb0tj,,Pro,5,4,4,3,4,5,5,3,2,3,5,5,5,6,6,5,,5,5,5,5,5,5,3,5,3,3,3,5,47,M,Canarias
7fcozy655ggvin6n9hwe37fcozycmsmj,,Pro,3,3,2,2,3,5,5,4,1,6,2,5,4,5,5,5,,5,4,5,3,4,4,4,4,5,2,3,5,41,H,Castilla-La Mancha
qc7xle5aeqv2835qc7xw4xz4xjhl2h8e,,Pro,3,3,3,3,3,4,4,3,1,4,2,4,2,2,4,4,,4,2,2,3,3,3,2,3,2,2,3,3,43,M,Comunidad de Madrid
my1hm2zoyxaf5569aok8c116my1hm2zt,,Pro,2,1,3,3,1,5,6,5,1,6,1,6,5,6,6,6,,6,6,4,3,5,5,6,6,6,4,3,5,37,M,Illes Balears
onmml7y3muixdzqonmmluwrfodjk6wqp,,Pro,5,5,4,4,4,5,5,4,4,4,1,5,6,6,6,6,,5,6,5,4,5,5,2,2,2,2,5,5,32,H,Comunidad Foral de Navarra
g7p2m8rzg3hlh19g7p1mt1zw49twwll7,,Pro,6,6,6,3,4,2,5,1,1,1,3,5,5,4,2,2,5,6,6,6,4,6,6,5,5,3,3,6,4,54,M,Cataluña
4s623otwcsl5xt774fd44s623os1a1vi,,Pro,5,5,5,5,5,6,6,4,4,6,1,6,6,6,4,4,6,6,4,6,4,6,6,6,6,3,3,4,4,43,M,Cataluña
8341xfyd3ms48v62f8341xfy8u4hukka,,Pro,4,3,3,3,3,5,3,1,1,1,1,3,3,4,4,4,4,4,4,4,4,4,4,3,5,2,3,3,3,44,M,Cataluña
i9ax96w39y4s4yji9aa9a9u9duzk0l2k,,Pro,5,6,5,2,3,6,5,5,1,6,1,6,3,3,3,3,2,2,2,2,2,1,1,1,1,1,1,3,3,55,M,Canarias
cmj2c52agxf0zqs8oa96scmj2c52a41a,,Pro,6,6,4,4,5,4,4,4,1,4,4,5,5,5,5,5,4,6,5,5,4,4,4,2,4,2,2,2,4,47,M,Cantabria
tikrsslvl4fkq4h9x6utikrsst7v83b5,,Pro,5,3,4,3,4,1,1,2,1,1,1,6,6,4,1,4,,5,3,3,5,1,1,2,6,1,5,1,6,57,M,Comunidad de Madrid
458jnf5ev6csztxlx3jsn2458jn4gdjg,,Pro,5,3,5,3,4,4,4,1,1,4,1,4,4,5,4,5,,4,3,3,3,3,3,3,3,3,3,2,3,53,M,Comunidad de Madrid
tazufn1xckntaz6hdhqsggv24sz56hy0,,Pro,6,5,6,4,3,3,1,1,1,1,1,6,6,4,4,6,6,6,4,3,1,1,1,1,6,1,1,1,6,40,M,Cataluña
m8jtuo5la89p20xm66im8jtj7lhvue78,,Pro,6,6,6,6,6,6,6,3,2,3,3,6,6,6,6,6,6,6,6,6,6,6,6,6,6,3,3,5,5,32,M,Comunidad de Madrid
m9jqf5zbu3yb53exjm9jqf5i2w04ahcx,,Pro,6,6,5,4,4,5,4,1,1,4,4,3,4,5,5,6,,4,4,4,3,5,5,2,5,2,4,1,3,46,H,Comunidad de Madrid
87tt0nx96ges1hu1u98i87tt0nxkqfaa,,Pro,6,6,1,6,5,6,1,1,1,1,1,6,1,1,2,4,,6,3,3,4,2,2,6,6,1,1,3,1,33,M,La Rioja
l65bhg736jxdlo9ufctjz28e4el65bhg,,Pro,3,3,4,3,4,3,4,2,2,5,1,4,4,5,5,5,5,5,3,4,4,4,4,2,5,3,1,4,2,55,H,Cataluña
ex40c84eengifzmurhuex4049v4d08sa,,Pro,6,6,4,4,6,4,5,1,1,6,2,3,4,4,5,5,,5,4,4,4,4,4,3,6,5,3,4,4,50,M,Galicia
7g8t5mhosfl2jdwh938bb2y2jdwq9tth,,Pro,4,2,4,2,5,1,1,1,1,1,2,6,1,2,2,3,,4,2,2,2,1,1,1,2,1,2,2,4,47,H,Comunidad de Madrid
eqfplkvlq9hhzeqfplogtl7bimsyfu7z,,Pro,5,5,4,4,4,4,6,4,3,3,1,5,4,4,5,3,,5,5,4,3,1,1,1,1,1,1,4,5,48,M,Castilla-La Mancha
8x89i3n9qqrxfamxu8x89hjef00rh1rv,,Pro,5,5,4,4,3,4,2,1,1,2,1,2,2,3,3,4,,2,2,3,3,1,1,1,1,2,3,2,1,41,H,Comunidad de Madrid
9z55y5kuvdjedd9z55y594ic3i5nixtv,,Pro,5,5,6,6,4,3,4,5,1,5,4,6,6,6,6,3,5,6,6,6,4,6,6,3,4,3,1,3,5,43,M,Comunidad de Madrid
skqtcqe7wndgb9iskqtcrhg84vm07nsr,,Pro,6,6,5,5,5,3,2,1,1,1,1,6,5,5,3,3,,6,3,2,4,2,2,3,6,4,3,3,5,36,H,Comunidad de Madrid
y2ujyq6e9jarj2ery0jsy2ujyqfvw4dl,,Pro,3,4,6,6,5,6,5,2,2,4,5,6,6,4,6,6,5,5,4,5,6,5,5,2,2,1,1,3,4,53,M,Cataluña
tp9gepx1vnhczetp9rm78otk975xzv9p,,Pro,5,5,6,5,5,6,5,3,3,4,5,6,3,6,6,6,6,6,4,5,4,3,3,5,6,2,4,6,6,30,H,Comunidad de Madrid
tt8jjguxxvvmmbttm8gaxdqvok69wp12,,Pro,6,6,6,5,5,6,4,4,1,2,1,6,5,3,5,5,,1,1,5,6,6,6,3,1,1,1,3,6,47,H,Comunidad Foral de Navarra
ik13in3htps9n9wy77iik13in3lav3t9,,Pro,5,4,4,4,4,5,5,5,2,2,5,5,5,5,5,5,,5,5,5,5,5,5,5,2,2,2,3,5,56,M,Illes Balears
8x88euiw5472p4ehwr78x88eui64v7jm,,Pro,4,4,1,1,1,6,5,2,3,2,2,4,4,4,5,2,1,4,3,4,4,4,4,5,3,1,5,4,5,35,M,Comunidad de Madrid
63vykxcrbpfq6x4ft63vykwxvx4hk9qf,,Pro,6,5,4,4,4,5,4,5,2,5,6,5,6,6,6,3,,6,5,4,5,3,3,1,5,1,1,3,3,29,M,Comunidad de Madrid
zbfmqjwim61z62iuzbfmqlsq2258l2l7,,Pro,4,4,4,4,4,5,5,3,3,3,2,5,5,5,6,6,6,5,4,5,3,5,5,3,6,3,4,4,6,38,H,Comunidad de Madrid
8il6ewji2aytinfy9jp8il6ejr84172o,,Pro,5,5,1,1,6,6,4,3,3,5,6,6,6,5,3,3,,4,3,3,5,3,3,1,1,1,1,1,5,53,M,Comunidad de Madrid
xydk3kw0jga5kvtu1pxxnxydk30cjj28,,Pro,5,5,5,5,4,5,5,4,2,3,2,5,5,5,5,5,6,5,3,5,5,5,5,3,4,4,2,2,5,46,M,Cataluña
vv0pzqhneos5mguvv0pzmedfx05af0c7,,Pro,5,5,5,5,6,6,5,4,4,6,6,6,6,6,6,5,,6,5,5,6,5,5,4,4,4,4,3,4,57,M,Cantabria
hnfpneyrloqyenuhnfpjja7u0ouctssu,,Pro,4,4,4,4,4,6,6,1,1,1,1,6,6,6,6,6,6,4,4,6,1,5,5,1,1,4,1,4,4,46,M,La Rioja
xfg1k3cx0xfg1966v4728l36gwng2966,,Pro,6,3,4,3,4,5,2,1,1,3,1,6,5,3,5,2,,3,4,3,4,4,4,1,5,2,3,3,4,31,M,Andalucía
y0920go30426d1ws3rykwly0920nfmoj,,Pro,4,4,3,4,4,6,4,2,2,4,1,4,4,5,5,5,6,6,5,5,5,5,5,6,6,1,1,4,4,31,M,Comunidad de Madrid
mkc4h5qyms4byw4mkcqlaxvflacksdgl,,Pro,6,6,6,6,6,6,5,4,2,3,5,6,6,6,4,5,,6,5,4,6,5,5,2,3,3,4,3,5,47,M,Cataluña
7ujt1krv98vqxl8zyld7ujt1kr5cnjbx,,Pro,5,5,3,3,4,6,6,1,1,6,1,6,6,6,6,6,,6,6,3,1,6,6,3,3,3,3,3,6,46,M,Comunidad de Madrid
1z7qorfmexib1z7u811roe5et12ocn3o,,Pro,3,3,4,4,3,6,3,1,1,3,2,6,4,6,5,3,,6,4,3,1,1,1,1,1,6,5,1,1,62,M,Comunidad de Madrid
4joo66yh9atxoy08ugyy4joo66law8iq,,Pro,4,4,4,4,4,6,6,2,1,3,1,6,6,6,6,6,,4,4,4,4,6,6,1,6,4,6,3,5,47,M,Comunidad de Madrid
3eq5a9oj0ljdfu3eq5a5ab5284u475k8,,Pro,6,6,4,4,4,5,5,2,2,5,5,6,6,4,5,4,,2,1,4,6,4,4,1,6,1,1,1,1,56,M,Cantabria
zuswqvc8dc9ij6fyzwfwfzuswqvcsr8c,,Pro,5,5,4,4,3,5,5,2,1,4,1,5,2,2,5,5,5,6,4,5,5,4,4,6,6,2,6,2,5,34,H,Comunidad de Madrid
9ezgeq0hmbxipdpqa829ezgeqyty5its,,Pro,5,5,6,6,5,4,4,3,3,4,4,6,5,4,6,5,6,5,4,5,5,5,5,4,4,2,2,4,5,53,M,Andalucía
23kunf68sxsxlgn3aq2siz23kunf63iy,,Pro,6,5,6,6,4,6,6,5,3,3,1,6,5,6,6,6,,6,4,6,5,5,5,5,5,5,3,4,6,58,M,Andalucía
sxeuxrwjba4v097mysxef9o4t92wdowz,,Pro,5,5,4,4,4,5,5,5,5,5,1,5,5,6,6,6,6,6,6,5,5,5,5,6,6,1,1,3,4,38,M,Comunidad de Madrid
vs7xuz953icr8es2rlnzyvs7xuze2amx,,Pro,6,5,6,5,5,6,5,1,1,5,6,3,5,4,4,3,,5,4,3,2,1,1,5,6,1,3,1,1,51,H,Comunidad de Madrid
nov026dzacbojnoeos33wes1bj3q7eo0,,Pro,5,5,5,5,5,5,5,5,2,5,5,5,4,3,5,3,5,4,5,5,5,3,3,2,5,5,2,3,3,37,M,Comunitat Valenciana
1d5iv7iw56tqtjjk1d5iv7cxtgaln3o9,,Pro,3,5,3,3,4,3,4,3,1,2,5,6,6,6,6,6,6,5,4,5,3,5,5,3,6,4,3,3,5,43,M,Cataluña
yaqbu8d6rdegsn7azsphyaqbuymscirv,,Pro,6,2,3,2,2,2,3,1,1,1,1,6,1,2,1,1,,1,1,1,1,2,2,1,3,1,1,1,1,50,M,Galicia
iudgnrbro5cxscdiudgnkbk6f2o8m4aq,,Pro,3,3,6,6,4,5,4,3,1,1,6,6,3,6,4,6,,6,3,1,1,4,4,6,1,1,1,1,1,42,M,Castilla-La Mancha
2e05zbtzd45k92e05zb2q2c8qhp0v158,,Pro,5,5,3,3,3,5,5,4,2,1,1,5,5,5,5,4,,5,4,4,2,3,3,1,5,1,1,2,4,49,M,Castilla-La Mancha
ugiwx73ik2hjxubdhfjugiwx74mupu6i,,Pro,4,4,4,4,4,5,4,3,3,4,1,4,5,5,6,6,,6,4,5,5,5,5,3,5,2,2,3,5,44,M,Castilla-La Mancha
0odggqiv0fcu5tui0odgghkty8a89gjg,,Pro,6,6,3,3,6,3,1,1,1,1,1,2,1,1,3,3,,3,3,1,3,3,3,1,3,1,1,1,1,39,H,Castilla-La Mancha
smwgqgkddim9ck5xe82sxtsmwgqgubn6,,Pro,4,4,3,3,3,5,5,5,2,5,1,5,5,5,5,5,,5,5,5,4,5,5,2,5,3,4,5,3,40,M,Galicia
mpnl7d3bvn2vki9qq5mpnl9jl0qxx4ah,,Pro,5,5,3,3,3,4,1,1,1,1,1,6,5,5,5,5,,5,5,5,1,1,1,1,6,1,1,5,5,49,H,Castilla-La Mancha
0f9mj6laj0ycyj0f9sy4w30ta745hbja,,Pro,5,4,3,3,5,1,2,1,1,1,1,2,1,3,1,1,,1,1,2,2,1,1,6,5,1,1,2,1,46,M,Castilla-La Mancha
q49ilpqpkc25balkbp0nkkvrq49ilp8a,,Pro,5,4,3,3,5,4,4,1,1,2,3,3,4,4,5,5,,2,3,4,5,4,4,6,5,1,1,3,3,42,M,Castilla-La Mancha
r10xzyv15ltkmozh9tr10xzyv1j6aaty,,Pro,4,5,4,4,4,6,4,2,2,4,2,4,5,5,3,3,,6,5,3,4,3,3,2,5,4,2,3,3,41,M,Castilla-La Mancha
ko7hvwr3o7thxlp2g2zdhvzko7hvwr3q,,Pro,6,6,6,6,6,6,6,1,1,4,1,6,6,6,6,6,,6,1,4,4,4,4,6,6,3,6,1,6,51,H,Castilla-La Mancha
j0ud7pcbx784x045i4j0ud7pcbn785zm,,Pro,2,2,4,3,5,4,3,2,2,2,1,5,3,4,4,5,,5,3,4,1,3,3,2,6,5,3,1,5,42,M,Castilla-La Mancha
5z9cp4pcg4o985z9cp4o2ct2re9675gi,,Pro,2,3,1,1,2,5,5,4,2,4,1,6,5,6,5,5,,5,5,4,2,4,4,1,3,3,2,3,4,48,M,Galicia
8ko27dsbzai9yep2rrv8ko27ditfey8w,,Pro,5,5,5,4,4,5,4,3,3,4,5,5,5,5,4,4,,5,4,4,3,3,3,5,4,3,4,2,4,65,M,Comunitat Valenciana
08avlo08a0aj08avlcp9ypuidumfnl3h,,Pro,3,3,4,4,3,5,4,4,4,4,1,5,4,5,5,5,,5,5,4,4,4,4,3,3,3,3,4,4,44,M,Galicia
math8ongyg4futhbxmath2e0qgbcaide,,Pro,3,4,4,4,4,5,5,5,4,5,3,5,5,5,5,5,,5,4,4,3,4,4,4,4,3,3,3,5,41,M,Castilla-La Mancha
kxcztjpxqrqz63x0aykxczmvvji6zu6i,,Pro,4,4,3,3,3,5,3,2,2,2,2,5,3,3,3,2,,3,3,3,3,2,2,3,4,2,2,2,3,43,M,Galicia
epiol1qiyh8fzoltfqfdic3eepiol1qi,,Pro,6,6,5,5,4,6,6,4,3,6,1,6,6,6,6,6,,6,4,5,4,6,6,2,4,4,2,4,5,32,M,Castilla-La Mancha
twk9obradf3mkletwk984sg98kn3ridf,,Pro,4,4,4,3,4,5,5,2,2,3,1,5,5,5,6,5,,3,3,4,3,4,4,6,6,4,4,4,5,41,M,Galicia
qla7vbcb5hs51qltf5i8szw946r8c0rr,,Pro,4,4,5,4,3,5,4,2,2,4,3,4,4,4,5,5,,4,4,2,3,1,1,6,6,1,2,1,4,35,M,Castilla-La Mancha
5dxgn5m35ralsi0awtqk405dxgnsep3y,,Pro,4,3,3,3,2,5,4,3,3,4,1,6,6,5,6,5,,6,5,5,4,5,5,3,6,4,3,3,6,37,M,Castilla-La Mancha
0m4wxxg84rhcwpwixz5rf0m4wxxvm453,,Pro,4,2,4,2,2,3,3,2,2,2,1,4,3,2,2,2,,3,2,2,2,3,3,3,2,1,1,1,2,49,M,Castilla-La Mancha
huz3c0xmnv38bcz4lhuz3c0xmd4uv8rs,,Pro,5,4,4,4,4,6,6,5,2,6,6,5,5,6,6,6,,6,6,5,3,5,5,4,5,4,5,4,5,42,M,Castilla-La Mancha
zmwlljmjehakmymlzmwll284qj7fkr56,,Pro,5,5,5,5,5,5,5,5,4,5,3,5,5,5,5,5,,5,5,5,5,5,5,3,3,4,3,4,2,53,M,Castilla-La Mancha
fisb59gtututlmzyfisbt1ycf6jqn21g,,Pro,6,4,6,6,4,6,6,5,1,4,1,6,6,6,6,6,,6,6,6,6,6,6,6,6,1,6,6,6,41,M,Castilla-La Mancha
emxchvrn33mzw5cem5npnmhuk3e66jkx,,Pro,6,6,6,4,4,4,4,3,2,2,1,3,3,5,5,5,,6,5,5,4,5,5,6,6,3,3,5,6,55,M,Castilla-La Mancha
wtihamsnjhyucgv2wtiham9zfgzu1me4,,Pro,5,5,5,4,3,3,4,2,2,3,1,4,4,5,4,3,,3,3,3,2,6,6,1,5,2,2,2,4,42,M,Castilla-La Mancha
tr4s0jsqfoj5lqjkqrtr4s0ihc41jbcy,,Pro,3,2,4,2,4,5,5,1,1,1,1,4,4,5,5,4,,5,4,5,5,4,4,1,1,1,1,4,4,43,M,Castilla-La Mancha
lczf6ne5zppo4bqecvp0lczf6nvh32v2,,Pro,5,5,4,4,4,4,4,1,1,3,1,3,3,5,5,5,,4,4,2,3,3,3,2,5,5,4,2,4,33,M,Castilla-La Mancha
wldxlsf7xm8qxswldxlsx1t8xkyflsuu,,Pro,5,5,4,3,4,5,5,1,1,3,1,5,5,6,5,4,,6,3,4,3,3,3,5,5,1,3,2,5,57,M,Castilla-La Mancha
v3ur3z901o45h1scnnlteubv3ur3z94i,,Pro,6,6,3,3,5,5,6,3,4,3,1,3,6,5,6,5,,5,4,6,3,6,6,6,6,6,5,1,5,57,M,Comunitat Valenciana
9jo4b9ny04u2qkb0ki0r9jo4b9nq9t7f,,Pro,6,6,6,6,6,1,1,1,1,1,1,6,6,6,6,6,,6,6,2,5,2,2,5,5,1,1,1,4,59,H,Galicia
n9uxwz2veq4ow857rebxseon9uxwz2vq,,Pro,3,3,4,4,4,4,4,3,3,4,1,3,3,4,3,3,,4,5,1,3,2,2,4,4,1,1,1,1,44,M,Comunitat Valenciana
kb400gv4zzvmcibkb463lk03se6epk2s,,Pro,4,4,2,2,2,5,5,5,2,5,3,4,4,5,6,6,,5,4,5,3,5,5,3,3,2,2,2,4,37,M,Comunitat Valenciana
4aij9ye1m65dn0paf4aij9yer025vod9,,Pro,6,6,6,6,5,3,4,4,2,6,1,6,5,4,6,6,6,4,5,4,6,4,4,4,4,1,1,3,6,41,M,Andalucía
mf7kncfycn2gqq81amf7kncfulwuozih,,Pro,6,6,6,6,4,5,5,1,1,1,1,6,5,5,6,6,,4,5,6,6,6,6,1,6,2,2,2,1,40,M,País Vasco
otw05srwmpbufvotwum44w3dg2xdegpx,,Pro,5,4,5,4,5,2,2,1,1,2,1,4,4,2,2,3,,3,2,2,4,1,1,4,4,1,1,1,2,61,M,Comunidad de Madrid
xjj9juoht9lt4uvayju1w4e3dxjj9juo,,Pro,4,4,5,5,6,4,4,1,1,4,1,6,6,6,6,6,,5,3,5,6,5,5,5,5,5,1,2,6,63,H,Comunidad de Madrid
wfrpky20guleu0tvqfvd4ozhwfrpky23,,Pro,5,5,6,6,4,5,1,1,1,1,2,5,1,1,2,1,6,3,2,1,5,1,1,1,3,1,1,1,1,42,H,Cataluña
x6ls3c40fsa9datzl10a7x6ls3c40m8q,,Pro,5,1,3,1,3,1,2,2,1,1,1,3,1,2,1,1,,1,1,1,3,1,1,6,6,1,1,1,3,58,M,Castilla-La Mancha
c03t49c1s5ts8bfc03t407wy1hj5bfds,,Pro,5,4,5,5,4,3,3,2,2,3,4,5,3,3,2,2,5,5,3,2,2,2,2,2,2,1,1,1,1,37,H,Cataluña
34o0rga6k96rgu009ms34o0r719vdidb,,Pro,4,4,4,4,3,4,4,3,3,4,3,4,4,3,4,4,,5,4,4,3,3,3,2,4,2,2,3,4,44,M,Castilla-La Mancha
s2z4hbsbcxk1a1xs2sw2mbs3ksztycfp,,Pro,4,4,4,4,3,3,3,1,1,5,1,2,2,3,5,5,,5,5,3,5,3,3,3,1,1,1,1,4,37,M,Castilla-La Mancha
735s5y03dwjcj5avul0735s21oycnw7g,,Pro,6,6,5,5,5,6,6,1,1,1,1,6,6,6,6,6,,6,5,4,4,5,5,4,6,4,6,3,6,47,M,Castilla-La Mancha
kinmz72g1k16h3jnuetkinmzyfdrzzuc,,Pro,6,3,6,2,2,4,6,5,1,4,4,5,5,5,5,5,5,5,4,4,4,4,4,2,2,2,4,2,3,41,M,Comunitat Valenciana
o6ouyxu6e16m7r8vo6ou7ushg1xtzhpg,,Pro,4,4,4,3,3,6,6,4,1,3,1,6,6,6,6,6,6,6,4,6,6,6,6,5,4,1,2,4,6,42,M,Galicia
2u7pcob1uwsthp2u7p7ctmmqqzmsnywl,,Pro,4,5,6,5,3,5,6,3,3,4,2,4,6,5,6,4,,4,4,4,4,5,5,6,5,2,2,2,6,46,M,Galicia
jywa2logvjna8gcekjywa2mlzlawgmlz,,Pro,3,3,4,3,3,5,5,3,2,4,2,5,5,4,5,5,,5,5,3,5,5,5,6,6,2,5,2,4,54,M,Galicia
g36helogigzyxg36h7thtlbvc2y8vw1d,,Pro,5,5,1,1,5,5,5,1,1,1,5,5,5,5,5,5,,6,4,4,6,6,6,1,5,1,1,1,6,41,M,Castilla-La Mancha
ndc6xs5wv5p0x0dsndc6x2miq8it1246,,Pro,6,6,6,4,6,6,5,1,1,6,1,6,5,6,4,6,,4,3,5,4,6,6,1,3,1,1,1,6,32,M,Comunidad de Madrid
niyewp5i18mwpzklhxzgsi6niyewp782,,Pro,4,5,4,4,5,6,4,2,1,4,1,2,3,3,6,6,4,4,3,2,2,1,1,2,1,1,1,2,2,45,M,Comunitat Valenciana
i297no3uu1bel6knni297n6ndyx6k4ro,,Pro,6,3,6,3,4,4,5,2,1,1,1,6,6,6,6,6,6,5,4,4,5,2,2,2,5,1,1,1,3,44,H,Andalucía
jhm5kti9itcrfdz4fqxjhm5k912htbl0,,Pro,6,6,6,6,4,1,1,1,1,1,1,6,6,6,1,1,,4,2,3,5,4,4,4,6,1,3,1,4,46,M,Cataluña
yx0dulogxc07r3dcyx0zvyul03hcacn4,,Pro,5,5,5,4,4,5,5,3,3,3,3,5,5,6,5,5,6,5,4,4,4,5,5,4,5,1,1,4,3,38,M,Andalucía
g4x9rx1z1vtvtvlog4x9hdlanownk6z3,,Pro,3,3,4,1,1,6,6,1,1,6,6,5,5,2,6,5,,2,2,5,5,3,3,1,1,1,2,1,3,43,M,Comunidad de Madrid
wdbbsj11cp2k8i7gjfpqlowdbbsj4dk1,,Pro,3,3,3,3,3,5,5,6,1,5,1,6,6,6,6,6,,6,3,2,3,3,3,4,5,1,1,1,5,45,M,Cataluña
hfmgp6q4tb3mg35im440hfmgprlipeoa,,Pro,5,5,5,5,4,3,3,2,1,3,2,6,6,4,5,3,6,6,3,2,4,3,3,6,6,6,6,2,3,32,M,Cataluña
svfca0xtxsdu53wgchdryosvfca0ehqv,,Pro,5,4,4,4,4,4,3,3,3,3,3,4,4,4,4,4,,4,5,3,3,3,3,2,2,2,4,3,4,45,M,Cataluña
w8j5rh7zt5jb10kqtw8j5rhh2ew2n4tw,,Pro,4,4,5,5,5,5,5,5,1,4,3,6,5,2,4,1,,6,2,2,3,5,5,1,4,1,1,2,4,34,M,Cataluña
yjlgxf1ucjhqv354cyyjlgxf1jdbn3nx,,Pro,5,4,6,2,4,5,5,2,2,2,2,4,4,6,4,2,,4,3,4,3,4,4,6,6,2,1,4,3,59,M,Cataluña
10nlwl6plh97onuampo9910nlwl6miem,,Pro,6,6,6,6,5,6,5,4,1,6,6,6,4,5,6,6,,6,6,5,5,3,3,3,3,2,2,3,6,63,M,Cataluña
6ffhyx18u2pnpm3zni9gsr6ffhyx1e3i,,Pro,3,3,4,4,5,5,5,1,1,1,1,5,5,6,6,6,,5,3,6,5,6,6,6,6,2,5,5,5,35,H,Comunitat Valenciana
b6fw5mft1s8at4d5gx6l6b6fw5mf0736,,Pro,5,5,5,5,5,4,4,4,4,5,3,4,4,4,4,4,5,4,5,4,4,3,3,4,4,4,4,3,4,40,M,Cataluña
yzg5i19pvmogvb493kyzg5ijvavt1m0d,,Pro,5,5,3,3,3,5,4,2,2,3,4,5,3,4,4,5,6,5,3,3,3,2,2,4,3,3,3,2,3,35,M,Cataluña
sp74tdoi9iodaml567m38sp74tdoyk9e,,Pro,4,3,6,3,5,4,5,5,1,2,6,6,6,6,2,4,6,6,4,6,6,4,4,2,6,3,5,4,2,43,H,Cataluña
angjmtutgf5inm2r4xkv37dangjmtuzf,,Pro,5,5,6,6,4,6,5,3,3,3,1,6,6,6,5,6,,6,4,4,4,4,4,6,6,4,5,4,6,43,M,Región de Murcia
o1hhr014fb2ibo1hgp3gmidxa4w8eelv,,Pro,6,6,6,6,5,6,6,4,3,5,4,6,6,6,6,5,4,5,4,4,5,4,4,5,5,5,3,3,4,49,M,Cataluña
sft768npcj4aekxzsft76cwmk72pvzt0,,Pro,4,5,5,5,4,5,3,3,3,2,1,1,3,3,3,2,,5,4,1,1,1,1,3,1,3,1,1,1,47,H,Castilla-La Mancha
zaub0lzdh81gekl8zaub0gfm0g3siw7b,,Pro,2,2,5,4,4,6,6,4,4,4,1,6,6,6,6,6,,6,5,5,3,4,4,3,3,3,2,3,6,55,H,Cataluña
uer7ngi6tifux1f1kiqawuer7ng3auzd,,Pro,5,4,4,4,3,4,4,3,3,4,4,5,5,5,5,5,5,5,5,5,4,4,4,5,5,5,5,4,5,39,M,Cataluña
baahz3707yzgub309sxebaahzlgkwfjm,,Pro,4,3,4,3,2,4,4,5,2,6,3,5,5,4,5,4,6,5,4,5,4,5,5,3,5,4,2,3,5,44,H,Cataluña
0sh9bkubynjib6dmtu4j0sh9bkuu48cl,,Pro,4,4,4,4,4,5,5,6,1,4,5,5,6,6,6,4,,6,4,5,5,5,5,1,1,4,5,6,3,37,M,Cataluña
u3tt623y73bxw68k1bu3tt6husnmstx9,,Pro,6,5,6,4,2,5,5,5,2,5,3,6,5,4,6,5,,5,4,5,4,4,4,3,3,2,2,4,4,24,M,Cataluña
bmy3vn0y3ki8bvw2bobmy3v3zz1yj0h0,,Pro,6,5,5,5,4,4,4,4,3,3,5,5,5,5,6,5,,4,4,4,4,4,4,4,5,4,4,4,6,62,M,Cataluña
zbbjcv0geawm5td4dzbbk4kl6rpn4xyb,,Pro,6,6,6,4,2,6,6,3,1,6,1,6,6,6,6,6,,6,6,6,4,6,6,3,4,2,2,6,6,34,M,Cataluña
awazys6nw63w0jawapek7pf6alelqg81,,Pro,6,6,6,4,5,4,4,2,2,4,1,3,3,4,4,4,5,4,4,4,4,3,3,2,4,2,2,3,4,53,H,Canarias
fksep87fk0rddy06fkytax62pategm6o,,Pro,3,3,5,4,4,6,5,4,1,4,1,6,6,6,6,6,,4,4,4,5,5,5,6,6,3,3,4,5,40,M,Comunitat Valenciana
8n0umb8cpigfe84e8ivgqz8n0umb8cz2,,Pro,6,5,6,1,6,5,4,6,1,4,3,6,6,6,6,6,6,4,4,5,4,4,4,4,3,4,3,4,6,48,M,Comunidad de Madrid
g8qr6cdpj8twl1ew4nag8qr6ittpfj5w,,Pro,6,6,6,5,5,6,6,4,2,4,1,4,6,6,6,6,,6,5,6,1,5,5,5,5,2,1,5,5,40,M,Aragón
pqv27hla65l6la0pjpqv2798ut2bs45j,,Pro,1,3,2,3,4,6,5,4,1,3,1,6,5,5,6,4,5,5,5,3,3,3,3,2,5,1,1,2,4,40,H,Comunitat Valenciana
mwpecl3qtgpmdmwxvxqmznz1hxxvzwpm,,Pro,5,4,4,3,4,4,4,2,1,4,1,5,5,5,5,5,5,5,5,4,5,4,4,4,3,2,3,2,3,53,M,Cataluña
kgo0q80ucopkgdkpm8wrnjq2m8tdkpm8,,Pro,6,6,3,3,3,6,3,1,1,1,1,6,6,3,3,3,,3,3,1,3,1,1,1,3,1,3,1,1,58,M,Castilla-La Mancha
oeuqud8ft6j5dwpbujpoeuq6mi68bzk0,,Pro,6,5,5,4,5,4,4,1,1,1,3,4,4,4,4,4,,4,4,3,3,3,3,5,5,3,3,2,3,44,H,Castilla-La Mancha
07p6clh5qhpa6f07p6cqf9abkqc6swxf,,Pro,6,5,6,5,5,6,6,4,2,4,2,6,5,6,6,6,6,6,6,6,4,6,6,6,6,1,1,5,5,32,M,Canarias
6ta96zzav0d77hv6ta96zavjsonq8byy,,Pro,4,4,5,5,5,4,4,3,3,4,1,5,5,5,5,4,,5,5,5,5,4,4,5,5,5,5,4,5,35,M,Comunitat Valenciana
2o6g66hxtp2tubmvwfw2o6g66pxu3uyb,,Pro,6,5,6,4,6,6,5,1,1,4,1,5,5,5,5,5,5,5,4,5,4,6,6,6,6,4,6,6,3,43,M,Comunidad de Madrid
jflkapft0wcvc86qjflkapb0ur8b1mxw,,Pro,5,5,5,5,5,5,5,5,4,4,3,5,5,5,5,5,5,5,5,5,5,3,3,4,5,4,3,3,5,46,H,Andalucía
4r211ilcjkmowq4r211ilclextjb9g6o,,Pro,6,6,6,6,5,4,5,1,1,4,1,5,5,6,6,5,,5,4,4,4,4,4,5,5,2,1,1,2,32,M,País Vasco
w4phhba10z345onl4fui1w4phh6vfob6,,Pro,5,5,5,4,3,5,5,2,2,2,2,5,5,6,6,6,6,6,5,5,2,5,5,2,5,3,1,6,6,61,M,Andalucía
oic86du1hyqz4r5ikooic86jp91dlspv,,Pro,5,5,6,6,6,5,5,3,2,4,5,6,6,6,6,6,3,4,3,4,4,5,5,1,6,4,3,3,4,61,M,Comunitat Valenciana
zjodkajc6b1kwdr8zjyvpk9030g6e792,,Pro,3,2,1,1,2,6,6,5,1,5,1,6,4,4,5,4,,6,6,2,2,2,2,2,2,1,1,1,2,48,M,Cataluña
83wyacpyri4g8wb6ge83wyaxy5cppo57,,Pro,4,3,3,2,3,3,4,2,2,2,1,4,5,5,5,5,,5,4,3,4,4,4,4,5,3,4,3,4,46,M,Comunidad de Madrid
x3ixqrpwga74bwg7gleso0k2x3ixqrpe,,Pro,5,6,4,4,4,5,3,2,1,1,2,4,2,3,4,4,3,3,3,3,5,2,2,3,4,5,5,2,4,44,M,Andalucía
6ymrchtlr5f63e56ym2k0qc7v6qzsup4,,Pro,6,6,5,5,4,6,4,3,2,1,4,5,4,4,5,5,5,4,3,4,5,4,4,5,4,5,2,2,1,53,H,Canarias
ye7tqx0glzjuyxbhxo4ye7tqxnp9tbvu,,Pro,5,5,5,5,4,4,1,5,1,3,1,3,5,3,5,4,,3,3,3,3,4,4,2,4,1,1,1,3,40,M,Región de Murcia
xzx87ocqzhijvzdlvuotxzx8z5mzzdu3,,Pro,6,5,2,2,5,6,2,1,1,2,1,6,5,6,6,4,,1,1,1,4,4,4,6,6,1,1,1,4,36,H,País Vasco
11gb72q760366ey0n511gb71q55uku5e,,Pro,5,6,5,5,4,5,5,4,3,3,4,4,5,5,6,5,5,4,4,5,4,4,4,4,4,3,3,3,4,44,M,Comunidad de Madrid
ek8e2sq6w07ogt4we6uphek8e2sqgcr1,,Pro,3,3,1,1,2,2,2,1,1,2,1,3,3,4,2,2,,4,2,3,3,3,3,6,5,2,1,3,1,31,M,Comunitat Valenciana
2fy0o7h9jkh2i8p2fykh8x6aim5ifop8,,Pro,5,5,5,5,5,5,5,1,1,1,5,5,5,5,5,5,,5,5,5,4,5,5,4,4,4,4,5,5,45,M,Comunitat Valenciana
a2r006bkowk8otf4a2r0t02piy35j4lq,,Pro,6,6,5,5,5,6,6,6,1,1,4,6,6,6,6,6,6,6,6,6,6,6,6,6,6,3,3,6,6,40,M,Cantabria
0w9ew19lgj4ea9175uzta5h0w9ew1cbo,,Pro,6,6,6,6,6,4,4,1,1,5,2,4,3,4,4,3,,3,4,4,3,3,3,3,3,2,1,1,3,38,M,Comunitat Valenciana
v7vpl5wkrbxldpe9eev7vpl5wrr4cxvf,,Pro,5,5,1,1,5,5,5,3,4,3,1,6,6,6,6,5,,5,4,5,6,5,5,6,6,2,2,3,6,55,M,Castilla-La Mancha
k6tzgr9for47e3b7tvl7ok6tzgr98ehq,,Pro,5,4,2,1,1,5,5,5,1,4,2,6,6,5,6,4,,6,5,4,2,4,4,1,6,6,3,4,4,45,M,Castilla-La Mancha
b4ddy6wfjnkh2mb4x4wsy328ljaj5ls1,,Pro,3,3,2,1,2,5,4,3,3,4,3,6,6,4,4,4,,5,4,4,4,3,3,2,4,2,2,4,4,41,M,Castilla-La Mancha
d09ah3ixz1e6gaqrz7m0xd09ah3rudr9,,Pro,5,5,5,5,4,6,6,5,1,5,1,4,6,6,6,6,,6,6,6,5,6,6,6,6,6,6,6,6,37,M,Castilla-La Mancha
pnqi7ekmaa545yulujvpnqi7enqc07sv,,Pro,6,6,5,5,5,6,5,3,3,4,1,5,5,5,5,4,,5,5,4,5,2,2,2,2,2,2,2,4,42,M,Castilla-La Mancha
2ur33zn8lcq4uih1hj2ur37hjin6orea,,Pro,5,6,6,6,6,5,5,5,3,5,4,5,5,6,6,5,6,5,5,6,5,5,5,6,6,3,6,5,5,35,M,Comunidad de Madrid
1p58ac9fxgcbwlfdjh1p58ac9nwhfx5r,,Pro,4,3,5,4,4,4,3,3,1,4,4,4,4,5,5,4,,3,2,3,3,4,4,5,3,2,2,3,4,46,M,Canarias
9yckjpg7kkr4p7m1klr9yckj8v96sihz,,Pro,5,5,3,3,5,6,4,3,1,4,3,5,4,5,5,4,,5,3,5,4,4,4,4,6,4,5,2,5,43,M,Comunidad de Madrid
4noqw4wnnz4nodslcttppnugb06y7hqo,,Pro,6,6,6,6,4,4,4,3,1,6,6,6,6,6,6,3,5,6,6,6,6,6,6,1,6,4,1,4,6,48,M,Cataluña
740f5wqoxn894xxu4740f5wybsj2wcq2,,Pro,6,6,6,4,6,4,3,1,1,3,5,6,6,5,5,4,,5,3,4,5,3,3,3,3,1,3,3,4,47,M,Cataluña
2om2290ez40b8sgfvuchq2om2rm5843f,,Pro,6,6,6,1,5,6,6,1,1,1,1,6,6,6,6,6,,6,6,6,5,6,6,6,6,6,6,6,6,43,M,Comunidad de Madrid
rbyk3j9fho7izjugrbykqi5398jao886,,Pro,4,4,3,3,5,4,4,2,2,5,5,6,5,6,6,5,,2,4,5,4,5,5,2,3,2,3,2,5,63,M,Cataluña
qq2hzrnpvvl8s0dplvoma2qq2hzf0om8,,Pro,4,3,4,3,4,6,6,5,3,5,6,6,6,6,6,6,5,5,5,6,6,6,6,6,6,6,5,6,5,53,M,Cataluña
p6u8oy9xaedmxiea14zjjp6u8oyzvrso,,Pro,6,5,6,5,6,6,6,5,3,5,3,6,6,5,6,6,6,6,6,6,5,6,6,5,5,4,4,5,6,39,H,Cataluña
iyi1ag95h4d08p5e6iyi1ae5vrjgbq6l,,Pro,6,6,5,5,5,4,4,4,4,4,3,5,5,5,5,4,6,5,3,5,5,5,5,6,4,2,2,4,5,34,M,Cataluña
pztl7uir97fk6oxryq4jnspztl7uikbf,,Pro,6,6,5,5,6,6,6,6,4,4,6,6,6,6,6,6,6,6,6,6,6,6,6,6,5,5,5,6,6,60,M,Cataluña
k21cpkacwuv82283u50qjk21cpkauenn,,Pro,6,4,6,5,6,6,6,1,1,3,4,6,6,5,6,6,6,6,6,4,5,6,6,6,6,4,4,4,3,42,H,Cataluña
ydk9e887x5fo58ydk9edtq0lhyf9ug4b,,Pro,5,5,5,5,5,6,5,1,1,4,1,6,5,5,5,5,,4,4,4,4,4,4,3,5,5,3,1,3,32,M,Comunidad de Madrid
v33og3s2emmnboh7s9yvzs5v33og3s7l,,Pro,5,3,5,3,5,6,4,6,1,2,4,6,6,2,6,6,,4,4,2,1,5,5,2,5,5,1,2,6,46,M,Cataluña
phg2x03bhpad5de1ot2sb6phg2x8y2g9,,Pro,5,5,3,3,4,3,4,3,1,4,1,3,2,5,5,6,,4,4,4,4,3,3,5,5,1,3,3,3,41,M,País Vasco
cmkud2de5yapdoqumuperficmkud2d5l,,Pro,3,3,3,3,4,3,3,4,2,4,3,5,3,4,5,5,,5,4,3,3,3,3,3,5,4,3,3,3,40,M,Andalucía
hxym6ct9rgrpqbkeujhxymshn7n9d171,,Pro,4,4,4,4,4,5,6,5,2,2,2,6,6,6,6,6,4,5,5,5,4,5,5,6,6,6,6,5,5,60,M,Comunidad de Madrid
iqbygo7np9gakgiqbygo8em6pf7duf45,,Pro,4,4,4,4,4,6,6,4,1,5,1,6,6,6,6,6,6,6,6,6,6,6,6,6,6,6,1,6,6,48,M,Cantabria
2driudvmy9mqili7jhtk2driuou53pgg,,Pro,3,3,4,4,3,4,4,2,2,3,5,5,5,5,5,4,5,5,3,3,4,3,3,1,1,1,2,1,4,47,M,Cantabria
16nj5e4gwcl851n43t16nj5fev51eb1f,,Pro,3,3,4,4,3,5,5,3,2,3,5,6,6,6,6,5,6,6,4,4,5,4,4,1,6,3,1,2,4,45,M,Cantabria
hwxtoguvscdzbv10nq3hwxtogumpk59z,,Pro,3,3,5,4,4,3,3,4,2,5,3,5,5,6,6,5,,5,4,4,4,5,5,3,5,3,2,4,4,34,M,Comunidad Foral de Navarra
bz0jemq2y2kefez6uhvxfbz0jemdhhey,,Pro,5,5,5,5,4,4,5,3,3,4,4,4,5,4,4,4,,5,4,4,4,4,4,4,4,3,3,4,5,59,M,Comunitat Valenciana
2itkmjmm3rdgm3252itkmrliuu2hh3dh,,Pro,5,4,3,3,4,6,6,2,1,2,1,6,6,6,6,6,6,6,6,6,5,6,6,3,6,3,3,5,6,38,M,Cataluña
qi6l4oq3hwar8ulvqi6l4gned6ggyppm,,Pro,6,6,6,6,6,6,6,1,1,6,1,6,6,6,6,6,6,6,6,6,6,6,6,6,6,3,1,6,6,37,M,Andalucía
scw4hxv1f3ok6scwothw3wq1grk54pro,,Pro,4,6,4,3,4,6,5,3,1,3,1,6,6,6,6,6,6,6,6,6,6,6,6,2,6,6,2,5,5,36,M,Andalucía
f71cff4zquupyn5epf71cff1y0k54cmi,,Pro,5,5,5,5,3,6,6,1,1,3,1,6,6,5,5,4,6,6,3,4,5,4,4,6,6,2,3,3,5,41,M,Andalucía
yx478kv82uaf4g1p9yx47vzfc7sqq0oy,,Pro,6,4,3,3,2,4,4,3,2,3,1,6,6,3,3,3,,6,6,4,3,2,2,4,4,4,4,1,6,38,M,Comunitat Valenciana
t9qvvn8ka0h147zl0jvcyeagut9qvvn8,,Pro,6,6,5,4,5,6,5,3,3,3,5,5,5,5,6,6,6,6,6,5,6,6,6,5,6,3,2,4,4,54,M,Cataluña
1tr6ylnta2wy05mbba4to11tr6ylhh9c,,Pro,5,5,5,4,5,5,5,4,2,5,3,5,5,5,5,5,,5,5,5,5,5,5,2,5,2,2,2,5,49,H,Andalucía
pjigazhojrq36z3jjkg2xpjigqbf1hsy,,Pro,6,6,6,6,5,4,2,3,2,1,1,6,1,2,4,3,,3,4,1,5,2,2,6,6,6,1,1,5,43,M,Andalucía
en8skwr7k0k4ij3en8kgs2lco68kmev7,,Pro,6,4,4,3,2,4,3,2,2,3,1,6,5,5,6,6,,6,3,3,5,3,3,4,4,4,1,3,3,42,M,Galicia
k75mwzrmc10jxqna5d3i37hpysk75mwz,,Pro,6,6,5,4,5,4,4,3,1,3,1,6,6,5,5,5,6,6,3,5,5,6,6,6,6,4,3,4,4,46,M,Andalucía
30hcaojkq47f85xelm930hca71lsikbn,,Pro,6,6,2,3,5,4,4,3,1,3,1,5,2,4,3,4,,6,3,4,1,3,3,1,1,4,1,1,6,50,M,La Rioja
ikx1x7c7ohap75lnc68ikx1x7mlh3rjd,,Pro,6,6,6,5,4,4,4,1,1,1,1,4,4,5,4,4,5,6,4,4,4,4,4,4,5,4,3,4,5,52,M,Andalucía
co707hl033rie5j5s5coihm7ga3t2w0n,,Pro,4,4,5,5,4,4,5,3,3,5,5,5,5,5,5,5,,5,5,5,5,4,4,4,4,4,4,3,5,45,M,Extremadura
yrwnby54dqpprzgyrwnbygblhuoin73u,,Pro,4,3,3,2,2,3,3,3,3,3,2,5,4,4,4,4,5,5,4,4,4,4,4,4,4,2,3,2,4,60,M,Cataluña
s08ocpalprmcr8h0h9vs08ocpl53t2a1,,Pro,3,3,3,3,4,5,4,2,1,5,2,5,5,6,6,4,5,6,4,3,4,4,4,1,2,1,2,2,3,55,M,Cantabria
y1yz0legblh8ohxy1yz0e425fjy63c5f,,Pro,6,5,6,6,5,6,6,4,2,5,1,5,6,6,6,5,,6,4,5,4,5,5,6,6,4,3,4,3,41,M,La Rioja
7eiamh7b5g8naf3gzmt7eiawwq2g94d4,,Pro,5,5,5,3,5,6,5,4,1,4,4,6,6,6,6,6,6,6,4,5,5,5,5,6,6,6,4,5,5,57,M,Cataluña
32622r1km4j1ivvde3262xdmhrmsxgai,,Pro,5,5,5,5,4,5,5,5,3,5,3,4,5,5,6,6,6,5,5,5,4,5,5,6,6,4,4,5,6,59,M,Cantabria
xxxe0d6r0k7a7fvqnawrvxxxe0d6eyf3,,Pro,5,5,5,4,4,5,5,5,3,5,5,5,5,6,6,6,6,5,4,5,4,5,5,4,5,4,4,4,5,41,M,Cantabria
en36adge0x0n7ak3znchen36a7icepov,,Pro,5,5,5,4,3,6,6,2,1,4,1,6,6,6,6,6,6,6,5,5,5,6,6,6,6,5,5,5,6,60,M,Cantabria
zm6sydw772p9jq7t4zm6sydx60w71agi,,Pro,6,6,5,4,5,5,4,2,1,3,3,2,2,3,5,4,,5,4,4,3,5,5,5,4,2,2,3,4,61,H,Comunidad Foral de Navarra
s4h7qqeeav9ewhybza1s4h7hdlhg457d,,Pro,6,6,6,6,5,6,6,5,3,3,5,6,6,6,6,6,,6,6,6,6,6,6,6,6,3,3,5,6,41,M,Andalucía